description,total_revenue,units
DOTCOM POSTAGE,206245.47999999995,707
REGENCY CAKESTAND 3 TIER,164762.18999999994,13033
WHITE HANGING HEART T-LIGHT HOLDER,99668.4700000002,35317
PARTY BUNTING,98302.97999999992,18022
JUMBO BAG RED RETROSPOT,92356.02999999981,47363
RABBIT NIGHT LIGHT,66756.5899999999,30680
POSTAGE,66230.64,3003
PAPER CHAIN KIT 50'S CHRISTMAS ,63791.940000000046,18902
ASSORTED COLOUR BIRD ORNAMENT,58959.7300000002,36381
CHILLI LIGHTS,53768.06,10229
